id,library_name,item_count,user_id
1,Quest for the Holy Grail,0,7
2,Unicorn Haven,0,8
3,Pixelated Dreams,0,9
4,Whale Songs and Wishes,0,10
5,Mystical Menagerie,0,11
6,Scribbles and Doodles,0,12
7,Wonderland Chronicles,0,13
8,Banana Peel Adventures,0,14
9,Bubblegum Bliss,0,15
10,Time-Traveler's Toolbox,0,16
11,Sparkle and Shine Showcase,0,17
12,Laughter Library,0,18
13,Fantasy Feast,0,19
14,Tea Time Tales,0,20
15,Snuggle Bug Sanctuary,0,21
16,Rainbow Rampage,0,22
17,Butterfly Brigade,0,23
18,Giggles and Grins Galore,0,24
19,Whimsical Wonders,0,25
20,Dr. Seuss Delights,0,26
21,Enchanted Escapades,0,27
22,Pajama Party Picks,0,28
23,Bubble Bath Bonanza,0,29
24,Silly Symphony Selections,0,30
25,Whoopee Cushion Collection,0,31
26,Fairy Tale Frenzy,0,32
27,Mermaid Melodies,0,33
28,Sasquatch Shenanigans,0,34
29,Unicorn Universe,0,35
30,Space Silliness,0,36
31,Candy Cane Chronicles,0,37
32,Pirate Parrot's Perch,0,38
33,Dragon Dance Directory,0,39
34,Leprechaun Lore Library,0,40
35,Superhero Smorgasbord,0,41
36,Robot Rumble Repository,0,42
37,Alien Antics Archive,0,43
38,Yeti Yarn Yard,0,44
39,Bigfoot Banter Books,0,45
40,Loch Ness Legends Library,0,46
41,Merlin's Magic Manifest,0,47
42,Hobbit Hideaway,0,48
43,Fairy Fable Forge,0,49
44,Magic Mushroom Meadow,0,50
45,Adventure Zone,0,1
46,Bookworm's Paradise,0,2
47,Culinary Delights,0,3
48,Traveler's Guide,0,4
49,Artistic Inspirations,0,5
50,Music Maven's Collection,0,6
51,Outdoor Adventures,0,7
52,Home Improvement Projects,0,8
53,Health and Wellness,0,9
54,Technology Trends,0,10
55,Financial Planning,0,11
56,Language Learning,0,12
57,Board Game Enthusiast's Haven,0,13
58,Pet Lover's Corner,0,14
59,Gardening Galore,0,15
60,DIY Crafts Corner,0,16
61,Fashionista Finds,0,17
62,Self-Help Sanctuary,0,18
63,Classic Literature Cache,0,19
64,Science and Discovery,0,20
65,History Buff's Hideout,0,21
66,Comic Connoisseur's Club,0,22
67,Music Festival Frenzy,0,23
68,Green Thumb Treasury,0,24
69,Home Entertainment Hub,0,25
70,Virtual Reality Realm,0,26
71,Star Wars Universe,0,27
72,Fantasy Fanatic's Vault,0,28
73,Mystery Mania,0,29
74,Astronomy Adventures,0,30
75,Geek Chic Collection,0,31
76,Home Office Essentials,0,32
77,Wellness Retreat,0,33
78,Travel Bucket List,0,34
79,Creative Writing Corner,0,35
80,Action-Packed Adventures,0,36
81,Collector's Corner,0,37
82,Mythology Marvels,0,38
83,Gourmet Gastronomy,0,39
84,DIY Home Decor,0,40
85,Music Maker's Studio,0,41
86,Outdoor Exploration,0,42
87,Artistic Expression Studio,0,43
88,Healthy Living Haven,0,44
89,Technology Playground,0,45
90,Financial Freedom Library,0,46
91,Language Learning Lab,0,47
92,Board Game Bonanza,0,48
93,Pet Paradise,0,49
94,Garden Oasis,0,50
95,Creative Crafting Corner,0,1
96,Fashion Frenzy Corner,0,2
97,Self-Improvement Station,0,3
98,Literary Wonderland,0,4
99,Science World Wonders,0,5
100,Historical Treasures Trove,0,6
101,Comic Book Bonanza,0,7
102,Music Mania Museum,0,8
103,Virtual Adventureland,0,9
104,Space Exploration Zone,0,10
105,Fantasy Fables Fort,0,11
106,Mystery Mansion,0,12
107,Astronomy Atlas,0,13
108,Geek Culture Corner,0,14
109,Home Office Haven,0,15
110,Wellness Wonders,0,16
111,World Wanderlust Library,0,17
112,Writing Wonderland,0,18
113,Action Adventure Arena,0,19
114,Collector's Clubhouse,0,20
115,Mythical Legends Library,0,21
116,Culinary Creations Corner,0,22
117,DIY Decor Depot,0,23
118,Music Magic Museum,0,24
119,Outdoor Oasis,0,25
120,Artistic Adventure Avenue,0,26
121,Healthy Lifestyle Hub,0,27
122,Technological Marvels Museum,0,28
123,Financial Wizardry Workshop,0,29
124,Language Learning Laboratory,0,30
125,Game Night Gathering,0,31
126,Pet Playhouse,0,32
127,Garden Gallery,0,33
128,Handmade Haven,0,34
129,Fashion Fandom Fair,0,35
130,Self-Care Sanctuary,0,36
131,Classic Collections Cache,0,37
132,Scientific Spectacle,0,38
133,Historical Hideaway,0,39
134,Comic Collectors' Corner,0,40
135,Music Madness Mania,0,41
136,Virtual Voyage Vault,0,42
137,Interstellar Sanctuary,0,43
138,Fantasy Fiction Fortress,0,44
139,Whodunit Wonderland,0,45
140,Cosmic Chronicles,0,46
141,Geeky Goodness Gallery,0,47
142,Home Haven,0,48
143,Wellness World,0,49
144,Global Getaways,0,50
145,Literary Labyrinth,0,1
146,Science Fiction Sanctuary,0,2
147,Fantasy Frenzy,0,3
148,Mystery Mayhem,0,4
149,Astronomy Adventure,0,5
150,Geek Chic Central,0,6
151,Adventure Zone,0,7


